id,first_name,last_name,email,gender,ip_address
1,Ray,Phippen,rphippen0@shareasale.com,Female,170.57.100.92
2,Jacki,Hawkyens,jhawkyens1@a8.net,Female,28.130.57.24
3,Andreana,Beldum,abeldum2@nydailynews.com,Female,169.169.254.115
4,Lin,Testro,ltestro3@admin.ch,Male,100.117.3.214
5,Marti,Japp,mjapp4@discovery.com,Female,118.3.21.93
6,Dare,Stitt,dstitt5@diigo.com,Male,229.22.95.88
7,Ric,Keppin,rkeppin6@wunderground.com,Male,2.92.82.42
8,Jock,Strangman,jstrangman7@about.com,Male,180.81.175.204
9,Jayson,Loughren,jloughren8@blogger.com,Male,45.20.189.149
10,Genia,Lannin,glannin9@google.com.br,Genderfluid,93.21.156.95
11,Sybilla,Houlton,shoultona@dagondesign.com,Female,121.224.254.176
12,Cris,Pheasant,cpheasantb@shop-pro.jp,Female,98.107.42.60
13,Lynne,Caustic,lcausticc@bbb.org,Female,224.34.154.178
14,Kean,Pigeram,kpigeramd@google.fr,Male,209.149.197.4
15,Ebony,Southby,esouthbye@mlb.com,Female,98.69.52.224
16,Laurene,Blasik,lblasikf@msn.com,Female,201.219.124.142
17,Willie,Ive,wiveg@wikipedia.org,Female,164.208.212.1
18,Juli,Trulock,jtrulockh@mozilla.org,Female,82.131.105.60
19,Kerwinn,Aronsohn,karonsohni@dion.ne.jp,Male,192.239.118.119
20,Kara-lynn,Enns,kennsj@bloomberg.com,Female,41.42.152.152
21,Witty,Hodgen,whodgenk@spotify.com,Bigender,143.239.146.225
22,Abey,Braithwait,abraithwaitl@mlb.com,Male,63.114.240.5
23,Nealy,Peoples,npeoplesm@ed.gov,Polygender,206.108.169.171
24,Theodor,Hamments,thammentsn@dagondesign.com,Male,82.145.205.0
25,Wake,Sictornes,wsictorneso@facebook.com,Male,209.184.126.109
26,Ross,Mabey,rmabeyp@narod.ru,Male,48.57.161.18
27,Giffy,Morant,gmorantq@rakuten.co.jp,Male,106.252.218.245
28,Durward,Russon,drussonr@disqus.com,Male,86.177.145.91
29,Kelci,Fetherstone,kfetherstones@seesaa.net,Female,142.13.67.64
30,Celina,Abrehart,cabrehartt@howstuffworks.com,Female,2.197.77.133
31,Elaine,Conwell,econwellu@amazon.de,Female,190.210.234.199
32,Vincenty,Yakobowitz,vyakobowitzv@netscape.com,Male,49.97.245.27
33,Cynde,Timmis,ctimmisw@symantec.com,Female,122.52.30.166
34,Gwen,Levane,glevanex@ehow.com,Female,147.109.46.69
35,Delphine,Staniland,dstanilandy@e-recht24.de,Female,95.211.173.138
36,Erminia,Drawmer,edrawmerz@ed.gov,Female,76.38.150.110
37,Maureene,Oultram,moultram10@youtube.com,Female,202.246.139.165
38,Bret,Flicker,bflicker11@statcounter.com,Male,13.249.186.212
39,Graig,Inker,ginker12@irs.gov,Male,199.214.104.93
40,Larry,Bennellick,lbennellick13@dion.ne.jp,Male,191.137.3.46
41,Ward,Birkwood,wbirkwood14@reuters.com,Male,221.107.206.118
42,Zoe,Chenery,zchenery15@xing.com,Genderfluid,193.192.180.29
43,Ermina,Stubbert,estubbert16@google.com.au,Polygender,120.38.217.243
44,Sheba,Cayford,scayford17@cdbaby.com,Female,53.37.95.14
45,Hendrik,Tuiller,htuiller18@usa.gov,Male,24.130.55.48
46,Adina,Poyser,apoyser19@nps.gov,Female,170.29.37.158
47,Lolly,Vassbender,lvassbender1a@nbcnews.com,Female,20.162.109.145
48,Nevsa,Pennazzi,npennazzi1b@yolasite.com,Female,10.189.132.70
49,Roseanne,Eliet,reliet1c@gov.uk,Female,148.188.114.150
50,Stormi,Wallace,swallace1d@yolasite.com,Female,75.102.58.202
51,Betteanne,Kubu,bkubu1e@zdnet.com,Female,203.180.78.154
52,Gale,Lernihan,glernihan1f@reverbnation.com,Non-binary,238.21.76.162
53,Raimund,McLleese,rmclleese1g@mail.ru,Male,12.143.203.81
54,Dulce,Frenchum,dfrenchum1h@cafepress.com,Female,187.208.238.68
55,Marilee,Bell,mbell1i@arizona.edu,Female,136.19.183.175
56,Tate,Robken,trobken1j@delicious.com,Female,234.135.203.129
57,Silvester,Dzenisenka,sdzenisenka1k@spotify.com,Male,167.59.134.69
58,Drusi,Moscone,dmoscone1l@chron.com,Female,21.178.162.170
59,Lem,Antcliff,lantcliff1m@apple.com,Male,212.195.191.81
60,Osmund,Guye,oguye1n@webmd.com,Male,116.188.139.185
61,Clement,Nozzolinii,cnozzolinii1o@hao123.com,Male,196.111.198.167
62,Arvie,Gowan,agowan1p@t-online.de,Male,42.125.182.174
63,Ambrose,Raddish,araddish1q@china.com.cn,Male,78.111.148.164
64,Gisella,Raubheim,graubheim1r@hugedomains.com,Female,249.174.172.141
65,Hertha,Alyoshin,halyoshin1s@cdbaby.com,Female,162.233.163.58
66,Caresa,Brideau,cbrideau1t@jugem.jp,Female,25.50.238.142
67,Lesly,Coupar,lcoupar1u@prlog.org,Polygender,202.103.127.190
68,Lauretta,Sidnall,lsidnall1v@admin.ch,Female,8.130.133.159
69,Ram,Gutowska,rgutowska1w@paginegialle.it,Male,233.162.83.79
70,Pollyanna,Redmond,predmond1x@icq.com,Female,187.247.80.79
71,Stanley,Greaser,sgreaser1y@plala.or.jp,Male,214.249.121.21
72,Hewitt,De Rye Barrett,hderyebarrett1z@alibaba.com,Male,180.162.182.6
73,Rica,Denyagin,rdenyagin20@shop-pro.jp,Female,34.165.1.163
74,Carma,Barnish,cbarnish21@webeden.co.uk,Female,22.36.28.117
75,Tim,Zecchetti,tzecchetti22@slashdot.org,Female,71.9.220.63
76,Davide,Joy,djoy23@omniture.com,Male,93.61.156.149
77,Peggie,Jenman,pjenman24@fastcompany.com,Female,152.123.174.212
78,Aguie,Sterricker,asterricker25@51.la,Male,36.241.194.238
79,Brendon,Shortell,bshortell26@chicagotribune.com,Male,115.225.132.102
80,Benedick,Bruck,bbruck27@mediafire.com,Male,249.166.95.104
81,Ethe,Teal,eteal28@google.ca,Male,30.42.255.231
82,Hilarius,Greenshields,hgreenshields29@samsung.com,Male,79.96.203.125
83,Stormi,Mudd,smudd2a@timesonline.co.uk,Female,153.254.25.40
84,Culley,Hallatt,challatt2b@slate.com,Bigender,217.7.77.191
85,Dinah,Kerins,dkerins2c@goo.ne.jp,Genderfluid,147.50.80.142
86,Wilmar,Thorndycraft,wthorndycraft2d@businessweek.com,Male,233.14.27.154
87,Averell,Bertolaccini,abertolaccini2e@bluehost.com,Male,135.242.247.89
88,Seward,Camerati,scamerati2f@earthlink.net,Male,180.114.190.12
89,Teador,Wilkin,twilkin2g@redcross.org,Genderqueer,135.28.197.84
90,Kelley,McCraw,kmccraw2h@dmoz.org,Female,79.20.198.131
91,Cam,Gresham,cgresham2i@npr.org,Male,229.153.185.154
92,Winny,Busswell,wbusswell2j@ca.gov,Female,9.185.206.233
93,Agata,Melburg,amelburg2k@t-online.de,Female,14.243.42.159
94,Averill,Parramore,aparramore2l@engadget.com,Male,103.90.185.110
95,Obadias,Lovett,olovett2m@usda.gov,Genderqueer,155.235.15.103
96,Freida,Brogiotti,fbrogiotti2n@state.gov,Female,178.4.70.211
97,Shayne,Hammerman,shammerman2o@vinaora.com,Female,189.158.82.209
98,Jaye,Coard,jcoard2p@howstuffworks.com,Male,56.19.163.10
99,Lambert,Whereat,lwhereat2q@blog.com,Male,166.168.235.138
100,Lillis,Southam,lsoutham2r@umich.edu,Female,221.208.250.2
101,Elsa,Kelle,ekelle2s@theglobeandmail.com,Female,172.33.139.176
102,Heidie,Greeve,hgreeve2t@yolasite.com,Female,62.10.129.226
103,Feodora,Donoghue,fdonoghue2u@aboutads.info,Female,255.113.137.103
104,Joshua,Olley,jolley2v@flickr.com,Male,179.234.208.162
105,Garnette,Jamrowicz,gjamrowicz2w@hatena.ne.jp,Female,247.236.27.252
106,Jourdain,Brevitt,jbrevitt2x@cbsnews.com,Male,113.17.196.8
107,Wat,Pettit,wpettit2y@bravesites.com,Male,34.200.29.74
108,Jessey,Northcott,jnorthcott2z@multiply.com,Male,117.229.242.95
109,Alexis,Vynall,avynall30@flickr.com,Male,241.224.55.89
110,Antonella,Thurborn,athurborn31@si.edu,Female,27.220.193.202
111,Cam,Wilbor,cwilbor32@cloudflare.com,Male,22.75.36.110
112,Frederik,Lalor,flalor33@usa.gov,Male,83.174.54.137
113,Audra,Perse,aperse34@wufoo.com,Polygender,171.191.253.228
114,Zorana,Clint,zclint35@elpais.com,Female,50.170.115.196
115,Doyle,Penddreth,dpenddreth36@reference.com,Male,154.168.37.216
116,Ulrich,Furlow,ufurlow37@infoseek.co.jp,Male,128.70.82.209
117,Dottie,Headey,dheadey38@theguardian.com,Female,169.88.170.154
118,Izzy,McKeurton,imckeurton39@yolasite.com,Male,78.142.189.245
119,Estrellita,Bianco,ebianco3a@mlb.com,Female,178.233.239.37
120,Lianna,Benian,lbenian3b@flavors.me,Female,101.234.71.25
121,Thorin,Malham,tmalham3c@cloudflare.com,Male,245.208.28.53
122,Rad,Colliar,rcolliar3d@flickr.com,Male,63.225.224.43
123,Annnora,Phipps,aphipps3e@nsw.gov.au,Female,231.153.58.167
124,Mada,Primak,mprimak3f@sogou.com,Female,45.182.63.24
125,Archibaldo,Dyett,adyett3g@businessinsider.com,Male,127.204.119.85
126,Raul,Filippi,rfilippi3h@etsy.com,Male,49.117.114.169
127,Lucias,Borzoni,lborzoni3i@wikimedia.org,Male,17.238.35.154
128,Marlon,D'Onisi,mdonisi3j@soup.io,Genderqueer,34.177.168.229
129,Lyndsie,Doche,ldoche3k@smugmug.com,Female,182.214.110.62
130,Paula,Damarell,pdamarell3l@jigsy.com,Female,227.53.240.70
131,Leone,Mugridge,lmugridge3m@ovh.net,Female,197.85.89.100
132,Jazmin,Houston,jhouston3n@technorati.com,Female,50.39.174.26
133,Albertina,Gwilt,agwilt3o@tmall.com,Female,162.175.139.4
134,Nickolaus,Mantripp,nmantripp3p@patch.com,Male,19.165.29.210
135,Rustin,Trousdale,rtrousdale3q@clickbank.net,Male,149.204.244.219
136,Bald,Kuller,bkuller3r@uol.com.br,Male,77.212.163.37
137,Emmalynn,Connerly,econnerly3s@prnewswire.com,Female,175.139.102.44
138,Tonya,Wrassell,twrassell3t@furl.net,Female,219.85.124.92
139,Shirley,Bein,sbein3u@flickr.com,Female,204.87.235.215
140,Ezekiel,Mastrantone,emastrantone3v@telegraph.co.uk,Male,106.166.61.24
141,Alanah,Tarbett,atarbett3w@topsy.com,Female,109.232.130.228
142,Sacha,Awcoate,sawcoate3x@livejournal.com,Female,181.139.60.109
143,Elwira,Tomblett,etomblett3y@clickbank.net,Female,101.116.3.162
144,Mareah,Paulillo,mpaulillo3z@ebay.co.uk,Female,42.254.186.95
145,Elke,Janicijevic,ejanicijevic40@slideshare.net,Female,47.36.11.185
146,Leupold,Magnay,lmagnay41@blogspot.com,Male,92.51.205.76
147,Shelley,Danko,sdanko42@smh.com.au,Male,30.50.19.223
148,Sissy,Spellman,sspellman43@purevolume.com,Female,53.138.95.107
149,Tallia,Brabbs,tbrabbs44@dailymail.co.uk,Female,243.46.170.214
150,Antonie,Denizet,adenizet45@apple.com,Female,32.189.217.37
151,Dewie,Tripcony,dtripcony46@admin.ch,Male,43.157.32.204
152,Gabrila,Schrei,gschrei47@buzzfeed.com,Bigender,87.216.242.94
153,Emyle,Scuse,escuse48@reuters.com,Female,251.183.99.230
154,Ramon,Yesipov,ryesipov49@answers.com,Male,92.37.248.45
155,Issi,Warland,iwarland4a@auda.org.au,Female,189.145.221.70
156,Brooke,Smythin,bsmythin4b@studiopress.com,Male,117.67.100.186
157,Natale,Edkins,nedkins4c@indiatimes.com,Male,62.19.71.67
158,Salvatore,Broek,sbroek4d@bloglines.com,Male,47.51.71.46
159,Marlowe,Hembling,mhembling4e@virginia.edu,Male,218.70.25.134
160,Sheppard,Pedrol,spedrol4f@skyrock.com,Male,167.99.194.166
161,Whittaker,Frantsev,wfrantsev4g@reverbnation.com,Male,230.199.142.17
162,Brigit,Van Dale,bvandale4h@wikimedia.org,Female,25.42.87.38
163,Tarah,Middlewick,tmiddlewick4i@liveinternet.ru,Female,37.148.96.85
164,Curtice,Witherington,cwitherington4j@booking.com,Male,144.12.226.190
165,Kimberley,Andrassy,kandrassy4k@wunderground.com,Female,87.26.179.223
166,Tatiania,Rowet,trowet4l@sciencedaily.com,Female,17.208.77.48
167,Ame,Malkie,amalkie4m@disqus.com,Female,136.177.67.6
168,Norbert,Wheelband,nwheelband4n@free.fr,Male,37.52.107.54
169,Cynde,Sizey,csizey4o@ehow.com,Female,94.194.97.128
170,Britt,Klimke,bklimke4p@ftc.gov,Female,112.175.12.79
171,Martino,Camous,mcamous4q@homestead.com,Male,34.172.237.129
172,Ardisj,Vaggers,avaggers4r@bbb.org,Female,49.73.35.41
173,Denny,Searson,dsearson4s@google.com.br,Male,66.79.131.89
174,Kimble,Rawll,krawll4t@jalbum.net,Male,205.98.190.44
175,Claire,Christophers,cchristophers4u@sina.com.cn,Agender,164.121.180.22
176,Maurine,Venning,mvenning4v@japanpost.jp,Female,219.74.195.75
177,Craggie,Eddisforth,ceddisforth4w@walmart.com,Male,209.142.15.119
178,Portia,Mallard,pmallard4x@mit.edu,Female,93.175.30.132
179,Charis,Giametti,cgiametti4y@wikispaces.com,Female,159.238.204.180
180,Ginni,Mitford,gmitford4z@state.gov,Bigender,94.250.4.43
181,Calvin,Cecchetelli,ccecchetelli50@homestead.com,Male,113.102.37.83
182,Andras,Perryman,aperryman51@reverbnation.com,Male,111.130.178.232
183,Bertie,Avramovic,bavramovic52@wp.com,Male,220.87.228.106
184,Cass,Cathrall,ccathrall53@php.net,Female,228.176.188.203
185,Coleman,Brachell,cbrachell54@shareasale.com,Agender,107.114.59.31
186,Margarete,Garnsworthy,mgarnsworthy55@google.pl,Female,173.243.118.13
187,Britney,Hoonahan,bhoonahan56@ed.gov,Female,255.221.179.68
188,Tyson,Jayume,tjayume57@alexa.com,Male,255.202.216.168
189,Marrissa,Goublier,mgoublier58@nasa.gov,Female,96.185.69.225
190,Abbe,Gaze,agaze59@timesonline.co.uk,Female,212.240.92.191
191,Dwain,Filipic,dfilipic5a@europa.eu,Male,229.174.11.49
192,Gennifer,Foat,gfoat5b@theatlantic.com,Female,215.2.12.161
193,Iolanthe,Febvre,ifebvre5c@europa.eu,Female,6.231.79.35
194,Roddy,Pennuzzi,rpennuzzi5d@nytimes.com,Male,208.206.186.160
195,Dante,Edger,dedger5e@discovery.com,Male,214.250.96.218
196,Kirstyn,Meir,kmeir5f@cbslocal.com,Female,249.118.34.12
197,Edd,Ferreri,eferreri5g@wordpress.com,Non-binary,247.27.131.248
198,Shermy,Orrock,sorrock5h@google.ca,Male,38.84.248.233
199,Clay,Abelovitz,cabelovitz5i@tmall.com,Male,234.40.228.244
200,Charleen,Gellert,cgellert5j@samsung.com,Female,224.81.93.209
201,Marja,Nekrews,mnekrews5k@wikimedia.org,Female,145.139.182.85
202,Tome,Blackshaw,tblackshaw5l@sphinn.com,Male,71.52.89.54
203,Gino,Trubshaw,gtrubshaw5m@fema.gov,Male,195.46.215.41
204,Zahara,Neve,zneve5n@aboutads.info,Female,110.68.253.247
205,Harriott,MacGowan,hmacgowan5o@admin.ch,Female,89.234.72.252
206,Brewer,Glandfield,bglandfield5p@list-manage.com,Male,46.93.152.90
207,Lorilee,Colliar,lcolliar5q@bravesites.com,Female,167.205.201.216
208,Brendan,Tedstone,btedstone5r@yellowbook.com,Male,17.226.25.2
209,Brant,Este,beste5s@arstechnica.com,Genderqueer,173.27.62.111
210,Kennedy,Golds,kgolds5t@ustream.tv,Male,237.255.71.159
211,Dar,Divell,ddivell5u@comsenz.com,Male,159.252.160.53
212,Irma,Blackey,iblackey5v@reuters.com,Female,53.188.130.247
213,Paddie,Jewitt,pjewitt5w@tiny.cc,Male,252.11.46.227
214,Rozanna,Heisman,rheisman5x@amazon.com,Female,94.74.146.158
215,Roscoe,Box,rbox5y@pen.io,Male,104.154.88.96
216,Arline,Cockrell,acockrell5z@globo.com,Female,240.206.105.14
217,Wendeline,Christoffersen,wchristoffersen60@github.io,Female,172.118.43.129
218,Jelene,Parcall,jparcall61@domainmarket.com,Female,175.117.102.245
219,Alasteir,Risbridger,arisbridger62@photobucket.com,Male,165.95.43.190
220,Forbes,Jurries,fjurries63@e-recht24.de,Male,31.164.32.135
221,Bunni,Di Baudi,bdibaudi64@i2i.jp,Non-binary,203.38.128.165
222,Wilmar,Mc Dermid,wmcdermid65@arizona.edu,Male,11.26.153.131
223,Laney,Prescot,lprescot66@ifeng.com,Female,0.243.115.150
224,Mersey,Le Barr,mlebarr67@wufoo.com,Female,227.242.115.165
225,Bernarr,Bestman,bbestman68@ning.com,Male,162.98.131.235
226,Kellen,Westall,kwestall69@freewebs.com,Female,78.156.53.174
227,Ginnie,Everson,geverson6a@cdbaby.com,Female,3.182.17.186
228,Jeffry,Scurfield,jscurfield6b@constantcontact.com,Male,75.73.55.136
229,Phillipp,Hasted,phasted6c@ask.com,Male,15.134.124.158
230,Thorpe,Dobey,tdobey6d@xing.com,Male,143.3.177.181
231,Morie,Lidgey,mlidgey6e@indiegogo.com,Male,61.15.48.16
232,Tommie,Riseley,triseley6f@eventbrite.com,Agender,29.125.113.86
233,Mendy,Roxbee,mroxbee6g@wired.com,Male,132.104.71.190
234,Brenden,Gonsalo,bgonsalo6h@icio.us,Male,69.57.243.170
235,Rachael,Gilman,rgilman6i@columbia.edu,Female,164.12.156.168
236,Codie,Button,cbutton6j@dmoz.org,Male,235.11.186.134
237,Breena,Mingo,bmingo6k@blinklist.com,Female,173.143.226.9
238,Olag,O'Rodane,oorodane6l@spiegel.de,Male,74.194.253.27
239,Poppy,Figgen,pfiggen6m@opera.com,Female,41.121.67.120
240,Dwain,Faulkener,dfaulkener6n@toplist.cz,Male,111.149.197.143
241,Addison,Legrand,alegrand6o@theguardian.com,Male,68.125.106.175
242,Bell,Bromige,bbromige6p@newyorker.com,Female,132.147.185.20
243,Rodger,Ivanishchev,rivanishchev6q@jigsy.com,Male,127.6.42.42
244,Tomlin,Bonafacino,tbonafacino6r@mozilla.com,Male,56.26.13.165
245,Kimmy,Davidow,kdavidow6s@foxnews.com,Female,54.4.203.121
246,Linnell,Megany,lmegany6t@friendfeed.com,Female,43.56.35.249
247,Lorelei,Duncanson,lduncanson6u@mit.edu,Female,222.19.151.206
248,Willyt,Kittle,wkittle6v@amazon.co.uk,Female,43.206.108.137
249,Ruggiero,Elfitt,relfitt6w@paginegialle.it,Male,62.229.103.191
250,Jacquelynn,Plummer,jplummer6x@ihg.com,Female,130.203.117.36
251,Gerhardine,Stoak,gstoak6y@state.gov,Female,242.146.222.248
252,Linnet,Nottle,lnottle6z@google.it,Female,192.103.133.53
253,Serene,Bakhrushin,sbakhrushin70@yale.edu,Female,69.74.54.212
254,Connor,Carress,ccarress71@abc.net.au,Male,180.125.35.58
255,Kurt,Wilcockes,kwilcockes72@ning.com,Male,39.209.220.8
256,Rafaela,Whilder,rwhilder73@trellian.com,Female,99.211.115.50
257,Peri,Husbands,phusbands74@twitpic.com,Female,104.181.234.236
258,Ailbert,Dytham,adytham75@tiny.cc,Male,35.88.212.224
259,Ralph,Goldie,rgoldie76@wikispaces.com,Male,117.99.21.180
260,Tynan,Feather,tfeather77@yellowpages.com,Male,104.158.231.214
261,Alexandro,Gregoli,agregoli78@cargocollective.com,Genderqueer,251.47.133.88
262,Arleen,Tyrwhitt,atyrwhitt79@ed.gov,Non-binary,191.189.3.76
263,Nobe,Sermin,nsermin7a@slashdot.org,Male,174.30.95.239
264,Wesley,Lalley,wlalley7b@oakley.com,Non-binary,144.245.9.36
265,Lee,Lantiffe,llantiffe7c@360.cn,Male,192.148.141.106
266,Loydie,Howling,lhowling7d@cpanel.net,Male,120.55.199.178
267,Adamo,Birtley,abirtley7e@loc.gov,Male,107.225.220.251
268,Lothario,McKnockiter,lmcknockiter7f@jalbum.net,Male,247.160.174.228
269,Shermy,Avramovich,savramovich7g@squidoo.com,Male,214.77.39.113
270,Ashleigh,Morgue,amorgue7h@noaa.gov,Female,87.184.86.179
271,Benjie,Wilby,bwilby7i@homestead.com,Male,243.69.139.102
272,Lisette,Yanyushkin,lyanyushkin7j@samsung.com,Genderfluid,138.10.81.24
273,Eula,Alphonso,ealphonso7k@booking.com,Female,220.205.84.133
274,Matilda,Barhims,mbarhims7l@unblog.fr,Female,121.243.108.98
275,Stanford,Gilcriest,sgilcriest7m@marketwatch.com,Male,163.97.192.71
276,Bernice,Castaneda,bcastaneda7n@vimeo.com,Female,179.143.226.72
277,Saloma,Hulk,shulk7o@businessinsider.com,Female,128.143.254.74
278,Dulcia,Greim,dgreim7p@csmonitor.com,Female,249.240.184.120
279,Jack,Habin,jhabin7q@businesswire.com,Male,213.32.213.146
280,Hakim,Bewshaw,hbewshaw7r@cornell.edu,Male,49.62.36.33
281,Cyrillus,Baton,cbaton7s@sitemeter.com,Male,66.160.139.12
282,Yanaton,Petrol,ypetrol7t@stanford.edu,Male,208.229.1.159
283,Filippa,Grouen,fgrouen7u@skyrock.com,Female,54.33.195.243
284,Phyllys,Errett,perrett7v@163.com,Female,194.161.181.13
285,Madel,Goodridge,mgoodridge7w@ebay.com,Female,201.219.84.223
286,Wiley,Gradley,wgradley7x@amazon.de,Male,53.36.139.221
287,Mahala,Webben,mwebben7y@123-reg.co.uk,Female,221.236.224.154
288,Deloria,Janczewski,djanczewski7z@google.es,Female,17.91.160.20
289,Frasier,Tindle,ftindle80@google.com,Polygender,250.185.180.106
290,Edi,Robshaw,erobshaw81@baidu.com,Female,228.219.114.0
291,Kenn,Corlett,kcorlett82@instagram.com,Male,217.102.242.61
292,Neal,Lilleyman,nlilleyman83@pcworld.com,Male,119.230.229.157
293,Dennis,Kermon,dkermon84@icio.us,Male,169.132.237.170
294,Constantin,Daveren,cdaveren85@typepad.com,Male,230.66.105.114
295,Zolly,Phorsby,zphorsby86@rambler.ru,Male,180.44.182.60
296,Georgetta,Euler,geuler87@nps.gov,Female,148.121.70.150
297,Correy,MacCallam,cmaccallam88@prnewswire.com,Male,44.37.188.127
298,Deck,Sneller,dsneller89@chronoengine.com,Male,130.40.176.204
299,Martguerita,Rottcher,mrottcher8a@webmd.com,Female,211.179.212.187
300,Godart,Pirson,gpirson8b@cocolog-nifty.com,Male,115.140.38.168
301,Bellanca,Murrhaupt,bmurrhaupt8c@state.gov,Female,153.215.90.109
302,Natalya,Gledstane,ngledstane8d@cpanel.net,Female,217.233.228.240
303,Wallace,Rolfini,wrolfini8e@storify.com,Male,235.229.138.131
304,Donn,Verheijden,dverheijden8f@merriam-webster.com,Male,82.6.214.63
305,Brennan,Murphy,bmurphy8g@huffingtonpost.com,Male,117.216.63.78
306,Gian,Kilfether,gkilfether8h@vk.com,Male,140.194.183.66
307,Kennedy,Wrack,kwrack8i@marketwatch.com,Male,13.83.159.222
308,Tomlin,Poser,tposer8j@wordpress.com,Genderqueer,229.225.140.147
309,Eugenius,Spitell,espitell8k@free.fr,Male,218.141.28.97
310,Cliff,Checketts,cchecketts8l@woothemes.com,Genderqueer,164.111.129.224
311,Preston,Bortolomei,pbortolomei8m@purevolume.com,Male,206.64.246.177
312,Nickie,Carous,ncarous8n@stanford.edu,Male,85.45.147.236
313,Ario,Johananoff,ajohananoff8o@ftc.gov,Male,2.158.124.145
314,Emily,Cotillard,ecotillard8p@hubpages.com,Female,104.84.182.38
315,Gwendolen,Hefforde,ghefforde8q@ning.com,Agender,7.44.210.96
316,Gratia,Boulger,gboulger8r@squidoo.com,Female,199.202.13.217
317,Roxanne,Knowlson,rknowlson8s@businessinsider.com,Polygender,69.44.89.241
318,Gabriell,Rochelle,grochelle8t@walmart.com,Female,225.99.181.82
319,Elliott,Barratt,ebarratt8u@guardian.co.uk,Male,33.107.89.248
320,Barrie,Lamburn,blamburn8v@blog.com,Male,149.188.59.20
321,Cody,Marrington,cmarrington8w@flavors.me,Female,164.207.105.51
322,Crin,Tattersfield,ctattersfield8x@about.com,Female,254.83.64.77
323,Mahmoud,O'Dowling,modowling8y@icio.us,Male,87.148.213.95
324,Cecile,Luthwood,cluthwood8z@furl.net,Female,177.149.194.88
325,Stanly,Bengefield,sbengefield90@mapquest.com,Male,78.235.190.167
326,Simeon,Bosward,sbosward91@yale.edu,Male,32.174.161.225
327,Jaquenette,Torrejon,jtorrejon92@pagesperso-orange.fr,Genderqueer,212.70.203.192
328,Brandy,Gottelier,bgottelier93@google.ru,Male,241.255.67.157
329,Loella,Somerset,lsomerset94@webeden.co.uk,Female,138.213.243.104
330,Barbie,Franklin,bfranklin95@umn.edu,Female,65.238.60.204
331,Alyosha,Valde,avalde96@shinystat.com,Male,69.107.113.31
332,Farra,Huckett,fhuckett97@washingtonpost.com,Female,139.17.38.230
333,Marijn,Bisgrove,mbisgrove98@cnn.com,Male,227.42.147.27
334,Laurie,Persehouse,lpersehouse99@pinterest.com,Male,111.154.38.8
335,Claudelle,Colmer,ccolmer9a@census.gov,Female,231.62.134.132
336,Jammal,Priddis,jpriddis9b@google.co.jp,Male,112.10.12.106
337,Marge,Hollows,mhollows9c@bbc.co.uk,Female,30.73.187.7
338,Gilburt,Hickeringill,ghickeringill9d@ebay.co.uk,Male,167.35.176.7
339,Audrey,Grundy,agrundy9e@wordpress.org,Polygender,230.232.109.54
340,Carry,Birtwhistle,cbirtwhistle9f@liveinternet.ru,Female,244.150.16.48
341,Lanie,Colmer,lcolmer9g@bigcartel.com,Male,78.154.127.151
342,Otis,Gland,ogland9h@about.com,Genderqueer,208.243.122.25
343,Bob,Crickmer,bcrickmer9i@nytimes.com,Male,8.154.76.38
344,Ardelis,Presnall,apresnall9j@com.com,Female,27.144.226.34
345,Calida,Bramble,cbramble9k@about.me,Female,66.6.194.170
346,Jammie,Winram,jwinram9l@google.ru,Female,133.237.152.187
347,Dur,Dannell,ddannell9m@hud.gov,Male,243.37.92.149
348,Georgena,Bew,gbew9n@hao123.com,Bigender,120.249.73.225
349,Ivonne,Switsur,iswitsur9o@macromedia.com,Female,117.188.45.157
350,Sheree,Melland,smelland9p@sun.com,Female,95.191.198.202
351,Fredelia,Foffano,ffoffano9q@wordpress.org,Female,141.62.106.239
352,Royal,Kuhndel,rkuhndel9r@plala.or.jp,Male,31.0.123.76
353,Lilli,Mulvany,lmulvany9s@moonfruit.com,Female,253.69.0.174
354,Sibylle,Smalman,ssmalman9t@stumbleupon.com,Female,56.222.170.12
355,Shanan,Middup,smiddup9u@amazon.com,Male,180.130.161.103
356,Babette,Pumfrey,bpumfrey9v@abc.net.au,Female,34.140.61.80
357,Manda,Laxston,mlaxston9w@scientificamerican.com,Female,126.187.10.223
358,Blythe,Chevolleau,bchevolleau9x@storify.com,Polygender,243.106.17.125
359,Bunni,Dudman,bdudman9y@istockphoto.com,Female,248.164.118.137
360,Dickie,O'Bradden,dobradden9z@360.cn,Male,22.250.110.11
361,Alexandro,Francke,afranckea0@uiuc.edu,Male,191.105.122.44
362,Caspar,Lebell,clebella1@yale.edu,Male,146.95.35.163
363,Myrta,Hunday,mhundaya2@vistaprint.com,Female,164.137.228.32
364,Evan,Lehr,elehra3@harvard.edu,Male,45.13.27.108
365,Berke,Ramstead,bramsteada4@answers.com,Genderfluid,35.42.117.27
366,Denys,Gerger,dgergera5@upenn.edu,Male,212.182.173.102
367,Jeri,Goodayle,jgoodaylea6@last.fm,Female,226.23.225.161
368,Jeffy,McColley,jmccolleya7@yellowbook.com,Male,174.153.22.151
369,Devondra,Batrop,dbatropa8@trellian.com,Female,119.11.76.178
370,Gabbie,Dimitriades,gdimitriadesa9@sun.com,Male,83.202.52.188
371,Mariquilla,Piens,mpiensaa@independent.co.uk,Female,93.191.195.162
372,Elora,MacKissack,emackissackab@about.com,Female,214.53.55.98
373,Thorny,Hadwick,thadwickac@japanpost.jp,Male,18.151.5.9
374,Ricky,Mathelon,rmathelonad@adobe.com,Female,146.170.0.3
375,Gladi,Darbon,gdarbonae@nytimes.com,Female,112.205.195.222
376,Aubry,Maggiore,amaggioreaf@nydailynews.com,Female,128.81.172.242
377,Margalit,Crossley,mcrossleyag@spiegel.de,Female,141.174.105.55
378,Kyle,Vardie,kvardieah@state.gov,Female,145.57.191.246
379,Timothea,Urion,turionai@huffingtonpost.com,Female,76.169.167.102
380,Merry,Malkin,mmalkinaj@msu.edu,Male,185.180.217.251
381,Salmon,Chatell,schatellak@smugmug.com,Male,242.34.64.5
382,Warner,Piggford,wpiggfordal@ucla.edu,Male,188.77.90.18
383,Gaston,Darnell,gdarnellam@google.com,Male,231.79.98.178
384,Alex,Deporte,adeportean@myspace.com,Male,57.163.16.95
385,Bertrand,Dalmon,bdalmonao@princeton.edu,Male,66.77.95.207
386,Justis,Ickowicz,jickowiczap@epa.gov,Male,162.1.120.15
387,Donnajean,Andersen,dandersenaq@arstechnica.com,Female,172.1.188.105
388,Ephrem,Smoughton,esmoughtonar@reverbnation.com,Male,74.52.50.190
389,Kristin,Joesbury,kjoesburyas@wired.com,Female,102.87.139.111
390,Neill,Gianulli,ngianulliat@friendfeed.com,Male,69.216.43.175
391,Norbert,Cratchley,ncratchleyau@surveymonkey.com,Male,154.84.177.204
392,Asia,Gutridge,agutridgeav@parallels.com,Female,210.140.160.65
393,Dmitri,Feld,dfeldaw@dion.ne.jp,Male,198.98.40.87
394,Atlanta,Gracey,agraceyax@trellian.com,Female,13.3.11.86
395,Catlee,Radband,cradbanday@bravesites.com,Female,79.126.104.202
396,Grant,Faltin,gfaltinaz@miibeian.gov.cn,Male,19.128.212.99
397,Bertram,Boggs,bboggsb0@sitemeter.com,Male,163.8.197.112
398,Moritz,Bayle,mbayleb1@chicagotribune.com,Genderfluid,4.15.138.96
399,Ezra,Deadman,edeadmanb2@accuweather.com,Male,192.145.147.39
400,Gigi,Bessom,gbessomb3@apple.com,Female,33.106.188.45
401,Gerrie,Swinfon,gswinfonb4@cornell.edu,Male,176.235.187.23
402,Debbie,Japp,djappb5@statcounter.com,Female,170.77.75.208
403,Dora,Rousel,drouselb6@4shared.com,Female,74.73.146.187
404,Drusy,Stillman,dstillmanb7@issuu.com,Non-binary,179.3.239.146
405,Micky,Burr,mburrb8@4shared.com,Female,100.25.180.101
406,Zerk,Tomenson,ztomensonb9@opera.com,Male,54.91.145.55
407,Twila,Grahl,tgrahlba@yale.edu,Female,75.97.115.149
408,Wynny,Keep,wkeepbb@tamu.edu,Female,190.225.184.144
409,Nollie,Byers,nbyersbc@mac.com,Female,41.40.7.255
410,Coop,Fleet,cfleetbd@studiopress.com,Male,171.200.190.140
411,Jaquelyn,Gambell,jgambellbe@paginegialle.it,Female,51.119.245.49
412,Quintilla,Cropton,qcroptonbf@mayoclinic.com,Female,92.102.164.217
413,Felicia,Radin,fradinbg@freewebs.com,Female,190.224.145.129
414,Rochester,Shreeve,rshreevebh@yellowbook.com,Male,19.174.46.149
415,Evey,Spaunton,espauntonbi@answers.com,Female,205.45.127.42
416,Sherlocke,Crowdace,scrowdacebj@zdnet.com,Male,53.40.112.163
417,Harley,Bunney,hbunneybk@upenn.edu,Female,34.155.55.244
418,Paige,Berndsen,pberndsenbl@marketwatch.com,Male,195.130.127.130
419,Perice,Renzullo,prenzullobm@seattletimes.com,Male,6.201.106.79
420,Andrea,Ottawell,aottawellbn@hatena.ne.jp,Male,12.3.2.141
421,Bryna,Cuniffe,bcuniffebo@paypal.com,Female,228.45.222.115
422,Dev,Blaxter,dblaxterbp@go.com,Male,182.240.57.243
423,Karlis,Galbraeth,kgalbraethbq@tamu.edu,Male,70.80.246.188
424,Hannis,Bruckman,hbruckmanbr@abc.net.au,Female,188.75.32.53
425,Ines,Tendahl,itendahlbs@discovery.com,Non-binary,128.219.193.115
426,Caitrin,Smalley,csmalleybt@scribd.com,Female,238.46.221.55
427,Charlene,Chisnell,cchisnellbu@baidu.com,Female,231.112.179.120
428,Ninetta,Wynne,nwynnebv@icio.us,Female,127.238.219.22
429,Blondie,Wheway,bwhewaybw@smugmug.com,Female,145.26.166.32
430,Petr,Buckenham,pbuckenhambx@gravatar.com,Male,109.223.31.18
431,Rhea,Muselli,rmuselliby@symantec.com,Female,142.171.36.156
432,Rollie,Critzen,rcritzenbz@ted.com,Male,134.114.209.157
433,Elnore,Sheahan,esheahanc0@privacy.gov.au,Female,166.246.44.153
434,Patrizio,Baltzar,pbaltzarc1@nps.gov,Male,90.148.41.45
435,Stanwood,Berrigan,sberriganc2@reuters.com,Male,95.209.243.245
436,Onida,Lorans,oloransc3@instagram.com,Female,42.86.63.233
437,Hodge,O'Hartagan,hohartaganc4@usgs.gov,Male,96.71.241.112
438,Gray,Manthorpe,gmanthorpec5@google.it,Male,155.76.35.163
439,Maryjo,McCallion,mmccallionc6@pbs.org,Female,184.214.21.187
440,Nefen,Cotton,ncottonc7@delicious.com,Male,208.232.16.245
441,Lukas,Fleis,lfleisc8@soup.io,Male,103.110.6.209
442,Edd,Wilcock,ewilcockc9@webmd.com,Male,166.171.242.13
443,Teresa,Jeaneau,tjeaneauca@samsung.com,Female,116.155.177.239
444,Domenic,Gaine,dgainecb@mapquest.com,Male,159.244.62.178
445,Richmond,Link,rlinkcc@wordpress.com,Male,9.146.101.41
446,Honoria,Feighry,hfeighrycd@merriam-webster.com,Female,116.47.40.72
447,Ginelle,Newart,gnewartce@google.com.br,Female,239.248.101.162
448,Willie,Ferris,wferriscf@cisco.com,Male,58.84.114.49
449,Jess,Dooler,jdoolercg@mysql.com,Female,105.10.172.79
450,Jeana,Zoellner,jzoellnerch@domainmarket.com,Female,167.248.207.220
451,Leeland,Mazin,lmazinci@hugedomains.com,Male,103.175.210.247
452,Christen,Richin,crichincj@etsy.com,Female,236.15.34.115
453,Ivar,Slack,islackck@ucla.edu,Male,154.194.175.255
454,Lorelei,d'Escoffier,ldescoffiercl@auda.org.au,Female,43.29.97.163
455,Jillie,Astridge,jastridgecm@privacy.gov.au,Female,142.90.29.160
456,Tony,Eddoes,teddoescn@bbc.co.uk,Male,210.171.96.121
457,Dedra,Saby,dsabyco@edublogs.org,Female,120.159.140.193
458,Zane,Shobbrook,zshobbrookcp@freewebs.com,Male,33.215.17.129
459,Felicio,Dugue,fduguecq@irs.gov,Male,231.38.114.198
460,Dew,Kennion,dkennioncr@addtoany.com,Male,78.168.232.58
461,Nerty,Tripony,ntriponycs@answers.com,Female,141.106.119.207
462,Idell,MacDiarmid,imacdiarmidct@e-recht24.de,Female,212.209.83.169
463,Fidole,Capin,fcapincu@home.pl,Male,250.251.32.11
464,Clarisse,Anstice,cansticecv@github.io,Female,145.148.208.239
465,Amargo,Ewell,aewellcw@ihg.com,Female,158.79.0.239
466,Nat,Sangwine,nsangwinecx@feedburner.com,Female,159.61.0.69
467,Morse,Stutte,mstuttecy@fc2.com,Male,43.150.142.155
468,Wilden,Ingleton,wingletoncz@vistaprint.com,Male,36.102.150.177
469,Yancey,Southerell,ysoutherelld0@google.es,Male,110.186.255.123
470,Jenelle,Duesberry,jduesberryd1@51.la,Female,204.113.137.90
471,Cornela,Elkins,celkinsd2@cnet.com,Female,241.180.172.128
472,Victoir,Nial,vniald3@multiply.com,Male,255.118.50.187
473,Bambie,Crowson,bcrowsond4@bloomberg.com,Female,50.237.73.160
474,Colleen,Westell,cwestelld5@dagondesign.com,Female,125.132.147.96
475,Risa,Lumsdale,rlumsdaled6@mediafire.com,Female,248.206.207.231
476,Nanci,Cantor,ncantord7@paypal.com,Female,181.57.98.206
477,Anica,Joncic,ajoncicd8@oaic.gov.au,Female,189.253.71.27
478,Max,Peak,mpeakd9@harvard.edu,Female,86.185.12.246
479,Flossi,Heiden,fheidenda@imageshack.us,Female,143.206.215.111
480,Tammie,Meneer,tmeneerdb@ovh.net,Male,126.149.144.159
481,Brnaba,Worling,bworlingdc@nytimes.com,Male,238.12.178.141
482,Tynan,Quinnell,tquinnelldd@slashdot.org,Male,16.85.157.25
483,Lee,Gilbard,lgilbardde@statcounter.com,Male,133.121.205.225
484,Harman,Gilman,hgilmandf@indiatimes.com,Male,14.164.201.32
485,Ulick,Guise,uguisedg@icio.us,Male,176.78.88.245
486,Zelig,Buckoke,zbuckokedh@moonfruit.com,Male,31.203.23.164
487,Emmaline,Sneller,esnellerdi@newyorker.com,Female,95.50.48.22
488,Hali,Edling,hedlingdj@netscape.com,Female,140.241.109.106
489,Francesco,Muddle,fmuddledk@princeton.edu,Male,232.91.174.66
490,Deb,Rofe,drofedl@theguardian.com,Female,239.110.66.89
491,Morie,Moors,mmoorsdm@deliciousdays.com,Male,216.208.189.222
492,Giusto,Sandars,gsandarsdn@barnesandnoble.com,Male,90.6.231.42
493,Thom,Dunston,tdunstondo@csmonitor.com,Male,16.170.51.16
494,Gretchen,Barrus,gbarrusdp@yale.edu,Female,158.81.77.242
495,Bartholemy,Bentzen,bbentzendq@skyrock.com,Male,110.227.145.229
496,Larry,Ellins,lellinsdr@weibo.com,Male,46.1.40.191
497,Jerrylee,Poundford,jpoundfordds@ow.ly,Bigender,130.215.19.206
498,Ado,Kisbey,akisbeydt@cornell.edu,Male,38.119.250.127
499,Jamal,Follos,jfollosdu@ehow.com,Male,90.231.18.196
500,Mick,Bixley,mbixleydv@census.gov,Male,171.131.16.72
501,Alden,Sindall,asindalldw@youku.com,Male,27.237.87.206
502,Doralin,Regi,dregidx@google.com,Female,242.209.213.124
503,Raimondo,Andreotti,randreottidy@sun.com,Male,207.199.51.225
504,Fulvia,Laville,flavilledz@cbc.ca,Female,102.5.206.165
505,Joshuah,Lukacs,jlukacse0@pcworld.com,Male,128.59.162.1
506,Peter,Basant,pbasante1@dagondesign.com,Genderqueer,209.50.64.13
507,Margarita,Mealand,mmealande2@paypal.com,Female,150.255.191.226
508,Klarrisa,Lumox,klumoxe3@rambler.ru,Female,67.182.177.176
509,Stephannie,Somerton,ssomertone4@printfriendly.com,Female,156.67.147.2
510,Tiler,Western,twesterne5@independent.co.uk,Male,0.209.159.192
511,Perren,Postill,ppostille6@sina.com.cn,Male,215.91.66.101
512,Myranda,Palfree,mpalfreee7@biglobe.ne.jp,Female,10.37.24.218
513,Dolph,Riby,dribye8@va.gov,Male,5.223.214.73
514,Petronilla,Duns,pdunse9@marketwatch.com,Female,108.212.82.110
515,Sonni,Raitie,sraitieea@columbia.edu,Genderqueer,211.122.110.187
516,Waylon,Arthy,warthyeb@ca.gov,Genderfluid,206.43.22.155
517,Percival,Cullinan,pcullinanec@china.com.cn,Male,140.56.50.122
518,Laurella,Eates,leatesed@narod.ru,Female,139.200.86.93
519,Wolfie,Shedd,wsheddee@washington.edu,Male,87.203.137.141
520,Moira,Wasbey,mwasbeyef@last.fm,Female,19.146.223.93
521,Robinson,Barles,rbarleseg@intel.com,Male,186.62.69.189
522,Obadiah,Ziehms,oziehmseh@ucsd.edu,Male,240.227.37.153
523,Katina,Bockin,kbockinei@vkontakte.ru,Female,246.218.131.57
524,Joice,Ragles,jraglesej@themeforest.net,Female,143.118.218.220
525,Gerald,Tilley,gtilleyek@cbslocal.com,Male,16.217.7.247
526,Thayne,Tunkin,ttunkinel@slate.com,Male,190.228.196.138
527,Lee,Moreside,lmoresideem@goodreads.com,Male,155.58.59.71
528,Abby,Meachem,ameachemen@cnn.com,Male,81.100.112.4
529,Hershel,Pelosi,hpelosieo@eepurl.com,Male,13.44.101.90
530,Jaclin,Simmans,jsimmansep@cmu.edu,Female,90.148.196.168
531,Tiler,Klaiser,tklaisereq@clickbank.net,Male,37.29.35.66
532,Theodore,Syfax,tsyfaxer@taobao.com,Male,254.162.193.216
533,Lombard,Bellwood,lbellwoodes@barnesandnoble.com,Male,236.13.62.189
534,Odella,Coaker,ocoakeret@oaic.gov.au,Female,183.15.192.67
535,Sigismundo,Elsegood,selsegoodeu@istockphoto.com,Male,22.104.59.136
536,Ellynn,Britton,ebrittonev@gmpg.org,Female,92.229.56.232
537,Maiga,Heard,mheardew@mashable.com,Female,89.39.65.118
538,Natasha,Culpan,nculpanex@google.ru,Female,245.237.175.105
539,Chadd,Faunt,cfauntey@geocities.com,Male,76.210.129.132
540,Jeffrey,Gully,jgullyez@artisteer.com,Male,166.2.113.120
541,Flore,Scurrah,fscurrahf0@reverbnation.com,Polygender,100.241.155.25
542,Townsend,Kettlesing,tkettlesingf1@yolasite.com,Male,23.26.74.98
543,Corbie,Nestle,cnestlef2@europa.eu,Male,181.143.225.141
544,Tabatha,McAnulty,tmcanultyf3@boston.com,Genderqueer,4.58.150.148
545,Liva,Poznan,lpoznanf4@yandex.ru,Female,19.189.219.246
546,Adolphe,Glenton,aglentonf5@ox.ac.uk,Bigender,252.52.65.8
547,Sheryl,Pau,spauf6@washingtonpost.com,Female,233.136.95.165
548,Perrine,De Hailes,pdehailesf7@vinaora.com,Female,46.253.40.104
549,Kari,Aulton,kaultonf8@biglobe.ne.jp,Female,165.102.157.116
550,Shannon,Scutchin,sscutchinf9@dell.com,Male,24.253.202.132
551,Coletta,Realff,crealfffa@theguardian.com,Female,237.167.45.107
552,Haslett,Bonnyson,hbonnysonfb@cbsnews.com,Male,78.17.188.20
553,Dulcy,Gellately,dgellatelyfc@cbsnews.com,Female,45.166.124.199
554,Suellen,Roderick,sroderickfd@blogspot.com,Female,21.190.159.241
555,Penny,Littlekit,plittlekitfe@jimdo.com,Male,83.135.68.111
556,Harwilll,Blenkiron,hblenkironff@dagondesign.com,Male,234.45.66.197
557,Drusilla,Goodbar,dgoodbarfg@yandex.ru,Female,127.36.193.251
558,Annora,Mikalski,amikalskifh@jigsy.com,Female,164.90.12.184
559,Gaynor,Cronshaw,gcronshawfi@businessweek.com,Female,125.74.67.179
560,Palm,Ebenezer,pebenezerfj@skyrock.com,Male,85.179.73.190
561,Ruby,Dalloway,rdallowayfk@cyberchimps.com,Polygender,191.39.215.205
562,Elia,Shiel,eshielfl@nsw.gov.au,Male,178.2.198.164
563,Tobiah,Eighteen,teighteenfm@google.co.jp,Genderfluid,156.173.50.1
564,Thorny,Kierans,tkieransfn@digg.com,Male,218.111.51.113
565,Valaree,Mumby,vmumbyfo@surveymonkey.com,Female,56.235.169.20
566,Marlene,Flowitt,mflowittfp@chron.com,Female,79.195.60.141
567,Marcus,Drohan,mdrohanfq@harvard.edu,Male,237.120.189.109
568,Wenonah,Teasdale-Markie,wteasdalemarkiefr@mozilla.org,Female,24.250.211.62
569,Justin,Ivanin,jivaninfs@theguardian.com,Male,62.51.6.124
570,Penelope,Broom,pbroomft@bluehost.com,Female,145.233.71.15
571,Decca,Pourveer,dpourveerfu@google.nl,Male,205.252.244.54
572,Joby,Coneybeare,jconeybearefv@flickr.com,Female,153.185.66.41
573,Samantha,Bromwich,sbromwichfw@harvard.edu,Female,111.220.22.207
574,Clarance,Hutt,chuttfx@taobao.com,Male,89.104.145.212
575,Sheila,Lenin,sleninfy@geocities.com,Female,230.127.111.142
576,Joey,Chazelle,jchazellefz@diigo.com,Female,113.35.105.122
577,Ilsa,Renachowski,irenachowskig0@free.fr,Genderqueer,212.193.16.66
578,Borden,Caghy,bcaghyg1@php.net,Male,93.59.97.39
579,Michal,Assard,massardg2@nasa.gov,Female,208.224.51.81
580,Flint,Rampling,framplingg3@bloomberg.com,Male,183.55.247.136
581,Peria,Goady,pgoadyg4@icio.us,Female,25.137.53.148
582,Natasha,Boness,nbonessg5@msn.com,Female,23.144.84.134
583,Chase,Harsent,charsentg6@devhub.com,Male,148.214.195.173
584,Caroline,Elby,celbyg7@admin.ch,Female,35.145.178.121
585,Ortensia,Demetr,odemetrg8@hp.com,Female,210.94.32.56
586,Dolli,Smythe,dsmytheg9@cafepress.com,Female,104.189.36.79
587,Iormina,Coom,icoomga@nationalgeographic.com,Female,242.187.95.150
588,Lukas,Krysztofowicz,lkrysztofowiczgb@nymag.com,Male,146.26.13.35
589,Arthur,Stonard,astonardgc@va.gov,Male,196.125.251.79
590,Davine,Edwicker,dedwickergd@mediafire.com,Agender,124.199.125.47
591,Kailey,Bernadon,kbernadonge@reuters.com,Genderfluid,149.112.240.127
592,Mart,Sket,msketgf@chron.com,Male,96.136.227.32
593,Libby,Darko,ldarkogg@google.fr,Female,223.4.199.231
594,Brien,Feedham,bfeedhamgh@cdc.gov,Male,22.51.56.67
595,Brina,Eidler,beidlergi@yale.edu,Female,178.75.228.62
596,Hermine,Folley,hfolleygj@flavors.me,Genderfluid,152.254.108.185
597,Rosina,Deinhardt,rdeinhardtgk@oracle.com,Female,235.99.115.99
598,Waiter,Lowles,wlowlesgl@illinois.edu,Male,191.52.252.41
599,Rudolfo,Fabler,rfablergm@edublogs.org,Male,93.160.159.4
600,Obadiah,Scanterbury,oscanterburygn@techcrunch.com,Male,41.73.109.221
601,Mabel,Cundict,mcundictgo@mashable.com,Female,54.83.96.129
602,Toiboid,Brobeck,tbrobeckgp@ihg.com,Male,104.68.69.231
603,Cathe,Itzakovitz,citzakovitzgq@multiply.com,Female,105.186.250.30
604,Kailey,Eisikovitsh,keisikovitshgr@psu.edu,Female,127.176.119.85
605,Ofella,Redfield,oredfieldgs@shinystat.com,Female,137.115.19.245
606,Merrily,Emes,memesgt@smh.com.au,Female,113.191.83.168
607,Berna,Garroch,bgarrochgu@issuu.com,Female,186.22.141.244
608,Doreen,Klimshuk,dklimshukgv@canalblog.com,Female,143.204.82.161
609,Rhona,McElhinney,rmcelhinneygw@springer.com,Female,85.119.40.51
610,Lena,Faldo,lfaldogx@clickbank.net,Female,15.51.181.59
611,Stafford,Ramet,srametgy@jalbum.net,Male,250.101.206.220
612,Shurlock,Jeroch,sjerochgz@cbsnews.com,Male,119.62.41.87
613,Brandice,Mussolini,bmussolinih0@disqus.com,Female,85.204.170.134
614,Nissie,Prandini,nprandinih1@de.vu,Female,27.106.251.185
615,Gaspar,Muat,gmuath2@wikimedia.org,Male,150.86.197.152
616,Justin,Cotsford,jcotsfordh3@printfriendly.com,Male,204.88.46.20
617,Javier,Rosenbaum,jrosenbaumh4@independent.co.uk,Male,127.127.2.119
618,Riannon,Vigietti,rvigiettih5@bandcamp.com,Female,135.237.57.232
619,Alberto,Prodrick,aprodrickh6@booking.com,Male,192.30.67.64
620,Georgia,Seawright,gseawrighth7@hatena.ne.jp,Female,242.42.122.231
621,Thorsten,Agett,tagetth8@ifeng.com,Bigender,81.8.201.16
622,Martainn,Ilyenko,milyenkoh9@home.pl,Male,225.59.93.169
623,Dionysus,Wimpeney,dwimpeneyha@devhub.com,Male,197.192.70.217
624,Marvin,Grzelczyk,mgrzelczykhb@miitbeian.gov.cn,Male,209.255.3.126
625,Mechelle,Lowcock,mlowcockhc@bigcartel.com,Female,103.181.45.76
626,Woodrow,Filipic,wfilipichd@networksolutions.com,Male,95.73.88.21
627,Consalve,Kuhndel,ckuhndelhe@seattletimes.com,Male,161.165.253.134
628,Lenora,Feldmus,lfeldmushf@unc.edu,Female,220.140.123.13
629,Goldarina,Firks,gfirkshg@deliciousdays.com,Female,57.177.152.66
630,Selestina,Hebden,shebdenhh@jimdo.com,Female,154.110.206.114
631,Barr,Barfford,bbarffordhi@wiley.com,Male,189.201.223.53
632,Caz,Haynesford,chaynesfordhj@imdb.com,Male,193.121.99.179
633,Wakefield,Ingerman,wingermanhk@merriam-webster.com,Male,153.173.123.68
634,Letti,Leads,lleadshl@java.com,Female,44.113.161.153
635,Iain,Degoy,idegoyhm@tuttocitta.it,Genderqueer,116.59.9.60
636,Rock,Dines,rdineshn@myspace.com,Male,131.33.92.88
637,Robinetta,Medgewick,rmedgewickho@e-recht24.de,Female,63.19.14.172
638,Margot,Collard,mcollardhp@nymag.com,Female,244.225.33.73
639,Roth,Manvelle,rmanvellehq@w3.org,Male,192.164.70.191
640,Alecia,Florentine,aflorentinehr@statcounter.com,Female,52.122.207.168
641,Shea,MacSherry,smacsherryhs@stanford.edu,Female,182.224.53.2
642,Gawen,Windless,gwindlessht@dot.gov,Male,82.126.170.151
643,Wallie,Janjusevic,wjanjusevichu@uiuc.edu,Female,96.57.9.34
644,Terrence,Kirkup,tkirkuphv@shareasale.com,Male,48.69.223.190
645,Finn,Fehners,ffehnershw@homestead.com,Male,233.99.187.98
646,Waldo,Oxton,woxtonhx@cornell.edu,Male,142.136.233.144
647,Wiley,Durbyn,wdurbynhy@e-recht24.de,Male,251.66.10.207
648,Kelley,Sheppard,ksheppardhz@china.com.cn,Female,7.148.219.199
649,Filberto,MacRury,fmacruryi0@csmonitor.com,Male,165.35.105.166
650,Leeanne,Giveen,lgiveeni1@netlog.com,Female,63.224.8.102
651,Kathe,Cashen,kcasheni2@weebly.com,Female,66.109.113.244
652,Glenine,Darque,gdarquei3@xing.com,Female,73.97.4.42
653,Karl,Leason,kleasoni4@t-online.de,Male,131.20.112.164
654,Darlene,Gourdon,dgourdoni5@theguardian.com,Female,16.177.241.48
655,Malena,Locket,mlocketi6@wp.com,Female,12.86.60.196
656,Viviene,Buick,vbuicki7@chron.com,Female,244.125.11.69
657,Rance,Titterell,rtitterelli8@discuz.net,Male,104.217.176.208
658,Barton,Paullin,bpaullini9@utexas.edu,Male,229.242.185.222
659,Anne,Rouke,aroukeia@webeden.co.uk,Female,211.165.240.100
660,Mort,Fanner,mfannerib@google.fr,Male,3.230.244.198
661,Loralyn,Vanyarkin,lvanyarkinic@ehow.com,Female,173.91.31.200
662,Horton,Swinn,hswinnid@google.co.uk,Male,177.56.32.43
663,Tammy,Brentnall,tbrentnallie@army.mil,Polygender,169.13.92.209
664,Jodi,Whiskin,jwhiskinif@shop-pro.jp,Female,170.61.176.175
665,Barbi,Ostrich,bostrichig@wufoo.com,Female,40.241.116.252
666,Melessa,Remnant,mremnantih@google.ru,Female,133.65.196.48
667,Rancell,Loveless,rlovelessii@woothemes.com,Bigender,245.238.199.90
668,Yuma,Ellin,yellinij@bloglovin.com,Male,179.248.30.37
669,Hali,Sailer,hsailerik@msn.com,Female,249.171.221.78
670,Fields,Camois,fcamoisil@baidu.com,Male,250.255.207.137
671,Hughie,Shilstone,hshilstoneim@furl.net,Male,155.112.26.163
672,Alie,Walne,awalnein@nymag.com,Female,191.3.156.178
673,Arlene,Leeke,aleekeio@oaic.gov.au,Female,69.198.191.250
674,Sauncho,Toping,stopingip@oracle.com,Male,184.156.35.49
675,Sam,Kinnerk,skinnerkiq@geocities.jp,Male,34.45.176.170
676,Alverta,Tinkler,atinklerir@pen.io,Female,109.33.178.207
677,Shauna,Clougher,sclougheris@businesswire.com,Female,132.229.154.201
678,Chucho,Howkins,chowkinsit@businessinsider.com,Male,0.172.241.131
679,Gaylene,Tedstone,gtedstoneiu@privacy.gov.au,Female,217.138.148.237
680,Dina,Bridge,dbridgeiv@mozilla.org,Female,54.1.22.77
681,Joellyn,Summerlie,jsummerlieiw@cbsnews.com,Polygender,147.66.187.246
682,Elianora,Wolters,ewoltersix@cyberchimps.com,Female,119.117.77.33
683,Eyde,Brisse,ebrisseiy@unblog.fr,Female,7.145.162.54
684,Fabien,Ducker,fduckeriz@vinaora.com,Male,128.131.110.62
685,Kesley,Degoey,kdegoeyj0@amazonaws.com,Female,122.63.153.96
686,Noelle,Glencross,nglencrossj1@dropbox.com,Female,76.17.168.120
687,Dennie,Cordet,dcordetj2@xinhuanet.com,Male,224.119.215.112
688,Eileen,Schiementz,eschiementzj3@gizmodo.com,Female,0.89.71.193
689,Evered,Goldsack,egoldsackj4@wikipedia.org,Male,48.38.232.137
690,Aloin,Smalman,asmalmanj5@google.com,Male,85.223.192.119
691,Xaviera,Coldrick,xcoldrickj6@buzzfeed.com,Non-binary,166.124.138.25
692,Deanna,Shales,dshalesj7@smh.com.au,Female,251.88.44.5
693,Jehu,Plail,jplailj8@nationalgeographic.com,Bigender,97.38.176.29
694,Francine,Rickasse,frickassej9@naver.com,Female,140.17.189.70
695,Dunn,Hartfield,dhartfieldja@home.pl,Male,254.71.186.48
696,Hart,Anglish,hanglishjb@independent.co.uk,Agender,61.183.98.158
697,Geralda,Greatrakes,ggreatrakesjc@auda.org.au,Female,28.216.31.253
698,Evonne,Struan,estruanjd@weebly.com,Bigender,144.0.233.208
699,Kareem,Hospital,khospitalje@pagesperso-orange.fr,Male,239.118.32.5
700,Sallee,Gwioneth,sgwionethjf@gmpg.org,Female,119.191.215.109
701,Fidel,Gowers,fgowersjg@illinois.edu,Male,99.94.106.249
702,Moises,Desbrow,mdesbrowjh@reference.com,Genderqueer,137.229.20.234
703,Arden,Galbreth,agalbrethji@example.com,Female,116.167.54.234
704,Josee,De la Eglise,jdelaeglisejj@reuters.com,Female,217.102.165.206
705,Ginnifer,Fudger,gfudgerjk@unc.edu,Female,194.134.221.85
706,Cob,Foltin,cfoltinjl@stumbleupon.com,Male,204.27.221.254
707,Kimball,Gadson,kgadsonjm@ifeng.com,Male,24.128.77.72
708,Borden,Torrisi,btorrisijn@mapquest.com,Male,226.4.97.146
709,Sidney,Puddifer,spuddiferjo@macromedia.com,Bigender,145.226.115.122
710,Kissiah,Tame,ktamejp@bravesites.com,Female,110.101.176.36
711,Libbey,Joost,ljoostjq@tmall.com,Female,221.200.22.144
712,Duff,Durrand,ddurrandjr@php.net,Male,40.128.129.214
713,Gwennie,Ales,galesjs@sciencedirect.com,Female,228.48.112.14
714,Celestyn,Owens,cowensjt@europa.eu,Female,154.53.195.164
715,Ruby,Glasner,rglasnerju@wunderground.com,Female,124.212.114.172
716,Casi,Baiden,cbaidenjv@networksolutions.com,Bigender,233.119.36.147
717,Aubry,O'Rourke,aorourkejw@networksolutions.com,Female,238.188.87.234
718,Rickie,Possa,rpossajx@unc.edu,Male,81.231.250.92
719,Terence,Marriage,tmarriagejy@shop-pro.jp,Male,20.5.1.31
720,Denver,Tellenbroker,dtellenbrokerjz@1und1.de,Male,36.231.203.34
721,Prudence,Keetch,pkeetchk0@amazon.com,Female,180.179.211.99
722,Angelo,Melburg,amelburgk1@shinystat.com,Male,195.84.56.190
723,Merilyn,Hartill,mhartillk2@ted.com,Female,180.185.133.153
724,Kalina,Lilbourne,klilbournek3@salon.com,Female,121.180.231.173
725,Tomasina,Hasney,thasneyk4@spotify.com,Female,90.7.25.183
726,Garry,Coxon,gcoxonk5@apache.org,Male,205.78.228.82
727,Nap,McIlraith,nmcilraithk6@google.co.jp,Male,253.205.36.179
728,Livvie,Fennick,lfennickk7@europa.eu,Female,55.159.39.12
729,Tallou,Foale,tfoalek8@chicagotribune.com,Female,9.247.246.103
730,Robenia,Disdel,rdisdelk9@foxnews.com,Female,223.171.11.194
731,Ellwood,Penticost,epenticostka@phpbb.com,Male,191.51.69.191
732,Andriana,Scrivens,ascrivenskb@washingtonpost.com,Female,29.214.146.98
733,Merv,Gresty,mgrestykc@mtv.com,Male,31.227.75.231
734,Kelsy,Djurdjevic,kdjurdjevickd@skyrock.com,Female,232.18.24.52
735,Chico,Danbi,cdanbike@cornell.edu,Male,4.164.150.181
736,Gideon,McKinnell,gmckinnellkf@patch.com,Male,22.4.103.189
737,Ozzie,Hinks,ohinkskg@answers.com,Male,20.107.141.207
738,Agace,Manis,amaniskh@hexun.com,Female,107.210.193.152
739,Diahann,Samett,dsamettki@state.gov,Female,253.67.166.209
740,Mord,Dawid,mdawidkj@godaddy.com,Male,172.147.43.67
741,Charmane,Idle,cidlekk@seattletimes.com,Female,99.24.190.113
742,Rodolph,Steedman,rsteedmankl@nationalgeographic.com,Male,233.129.6.181
743,Toma,Lewis,tlewiskm@webmd.com,Female,187.163.101.175
744,Britte,Childers,bchilderskn@adobe.com,Female,176.224.247.95
745,Leonid,Sibly,lsiblyko@statcounter.com,Male,236.19.184.255
746,Mallory,Ubsdale,mubsdalekp@desdev.cn,Male,108.158.229.108
747,Moises,Dillestone,mdillestonekq@fotki.com,Male,171.110.170.130
748,Marie-jeanne,Oven,movenkr@elpais.com,Female,248.169.135.129
749,Bartlet,O'Griffin,bogriffinks@hexun.com,Male,123.178.26.122
750,Klement,Flowerden,kflowerdenkt@ocn.ne.jp,Male,7.36.133.173
751,Erina,Bremmer,ebremmerku@omniture.com,Female,82.188.54.234
752,Andrea,Yakubowicz,ayakubowiczkv@chronoengine.com,Genderqueer,79.144.198.152
753,Padraic,Lannen,plannenkw@livejournal.com,Male,246.155.139.201
754,Moyna,Bosher,mbosherkx@imgur.com,Female,24.204.9.69
755,Allyn,Olekhov,aolekhovky@ucoz.ru,Female,190.197.181.176
756,Jennica,Le Quesne,jlequesnekz@slideshare.net,Agender,226.111.184.31
757,Rockey,Humberstone,rhumberstonel0@twitpic.com,Male,63.125.44.211
758,Noland,McAvey,nmcaveyl1@arstechnica.com,Male,236.187.229.149
759,Nikola,Mardoll,nmardolll2@github.com,Male,138.173.23.58
760,Daron,Sullivan,dsullivanl3@yandex.ru,Male,222.189.108.20
761,Laurice,Hector,lhectorl4@goo.ne.jp,Female,144.201.152.128
762,Ezri,Rivett,erivettl5@dyndns.org,Male,186.81.131.82
763,Charla,Tweddle,ctweddlel6@woothemes.com,Female,184.87.26.229
764,Doralynn,Coope,dcoopel7@shutterfly.com,Female,33.59.10.172
765,Malynda,Row,mrowl8@fastcompany.com,Female,1.20.242.80
766,Codi,Hegarty,chegartyl9@dedecms.com,Female,111.195.20.33
767,Cyndy,Reedshaw,creedshawla@rambler.ru,Female,138.17.255.236
768,George,Greensite,ggreensitelb@yahoo.com,Female,40.178.69.231
769,Curtice,Roberds,croberdslc@yahoo.co.jp,Male,107.221.49.94
770,Melosa,Hallyburton,mhallyburtonld@wired.com,Female,220.142.144.233
771,Tarah,Durn,tdurnle@globo.com,Female,50.103.50.125
772,Sheilakathryn,Halley,shalleylf@taobao.com,Female,148.204.111.243
773,Simon,Shulver,sshulverlg@aol.com,Male,135.204.90.247
774,Noble,Videler,nvidelerlh@51.la,Male,119.201.137.176
775,Skipper,Whitelaw,swhitelawli@ustream.tv,Male,228.201.30.166
776,Honor,Arington,haringtonlj@toplist.cz,Female,156.174.159.52
777,Gar,Winspear,gwinspearlk@instagram.com,Male,127.146.110.124
778,Atalanta,Critchley,acritchleyll@engadget.com,Bigender,168.52.144.116
779,Moss,Kneebone,mkneebonelm@tuttocitta.it,Male,230.193.217.221
780,Thomasine,McMurthy,tmcmurthyln@google.fr,Female,47.168.247.249
781,Trixie,Braunter,tbraunterlo@thetimes.co.uk,Non-binary,0.177.185.182
782,Alvy,Schimek,aschimeklp@wikipedia.org,Male,102.248.195.89
783,Reynolds,Cornelissen,rcornelissenlq@i2i.jp,Male,17.106.25.178
784,Lauren,Skace,lskacelr@xrea.com,Male,244.69.103.153
785,Woodman,Sailes,wsailesls@usda.gov,Male,164.141.107.195
786,Sheff,Rankin,srankinlt@dyndns.org,Male,141.204.243.178
787,Cullen,Pargent,cpargentlu@whitehouse.gov,Genderqueer,76.1.193.250
788,Olympie,Maylard,omaylardlv@purevolume.com,Female,134.33.45.108
789,Thadeus,MacBey,tmacbeylw@nationalgeographic.com,Male,145.130.7.120
790,Brendis,Trahair,btrahairlx@networkadvertising.org,Agender,219.237.87.192
791,Karina,Tollerton,ktollertonly@princeton.edu,Female,227.214.185.229
792,Berny,Peacham,bpeachamlz@weebly.com,Male,69.195.73.199
793,Benni,Marquese,bmarquesem0@weibo.com,Female,110.231.8.55
794,Bord,Roberts,brobertsm1@usgs.gov,Non-binary,212.168.124.127
795,Starlene,Earnshaw,searnshawm2@themeforest.net,Female,218.106.131.4
796,Saw,Krzysztof,skrzysztofm3@wsj.com,Male,9.101.237.110
797,Florance,Blampey,fblampeym4@gnu.org,Non-binary,35.192.138.80
798,Shawnee,Openshaw,sopenshawm5@youtu.be,Female,93.102.18.42
799,Hermione,Colnett,hcolnettm6@cyberchimps.com,Non-binary,15.64.108.205
800,Annelise,Trahar,atraharm7@patch.com,Genderqueer,138.238.125.126
801,Paco,Dines,pdinesm8@youku.com,Male,239.211.37.209
802,Gloriana,Bratcher,gbratcherm9@macromedia.com,Female,243.28.220.230
803,Inness,Sharpous,isharpousma@prweb.com,Genderqueer,88.221.124.84
804,Bev,Gibling,bgiblingmb@wufoo.com,Female,137.221.151.22
805,Shirley,Giovannini,sgiovanninimc@addtoany.com,Non-binary,115.174.97.21
806,Aarika,Bendare,abendaremd@ow.ly,Female,87.51.223.70
807,Marna,Crowden,mcrowdenme@msu.edu,Female,111.165.216.100
808,Maurise,Ramey,mrameymf@livejournal.com,Male,195.123.47.29
809,Hartley,Iiannone,hiiannonemg@odnoklassniki.ru,Male,176.0.96.196
810,Meier,Torn,mtornmh@cargocollective.com,Male,45.6.97.207
811,Ashly,Huertas,ahuertasmi@pagesperso-orange.fr,Female,29.154.33.25
812,Dominique,Welbeck,dwelbeckmj@mit.edu,Female,95.88.59.76
813,Kip,Sanchez,ksanchezmk@wordpress.com,Male,187.63.81.217
814,Kordula,Winscom,kwinscomml@nydailynews.com,Female,119.80.140.11
815,Madalyn,Butterley,mbutterleymm@bloglines.com,Female,254.18.236.245
816,Jeffy,Lias,jliasmn@hud.gov,Male,212.92.174.81
817,Josephine,Iacovolo,jiacovolomo@blogger.com,Female,82.150.2.180
818,Idalina,Wyson,iwysonmp@barnesandnoble.com,Female,76.102.162.80
819,Tomas,Oxtarby,toxtarbymq@123-reg.co.uk,Male,78.71.239.1
820,Babette,Cordelette,bcordelettemr@com.com,Female,13.79.193.96
821,Almire,Vecard,avecardms@blogspot.com,Female,55.24.99.194
822,Lina,Dalrymple,ldalrymplemt@joomla.org,Polygender,230.163.77.193
823,Zandra,Plante,zplantemu@independent.co.uk,Female,44.216.32.3
824,Templeton,MacGee,tmacgeemv@wordpress.com,Male,237.176.217.155
825,Dyane,Fairfull,dfairfullmw@samsung.com,Female,142.74.31.245
826,Patricio,Nice,pnicemx@usda.gov,Male,119.75.9.202
827,Emanuel,Smallcomb,esmallcombmy@mapquest.com,Male,171.248.214.35
828,Iago,Charlewood,icharlewoodmz@japanpost.jp,Male,200.128.171.224
829,Nickola,Hebdon,nhebdonn0@ted.com,Male,46.185.4.133
830,Toddy,Edser,tedsern1@mayoclinic.com,Male,86.151.210.17
831,Cosette,Wattingham,cwattinghamn2@twitter.com,Female,87.74.19.191
832,Matthaeus,Caustick,mcaustickn3@ow.ly,Male,5.15.133.161
833,Doria,Binne,dbinnen4@parallels.com,Female,116.209.224.21
834,Leonhard,Delgardillo,ldelgardillon5@yahoo.com,Male,174.122.213.213
835,Catlin,McGlynn,cmcglynnn6@technorati.com,Polygender,25.116.143.194
836,Phillipe,Tuma,ptuman7@prnewswire.com,Male,222.89.12.69
837,Aguie,Mulliner,amullinern8@utexas.edu,Male,9.87.100.91
838,Stefa,Bott,sbottn9@altervista.org,Female,52.128.94.72
839,Boniface,Goodship,bgoodshipna@aol.com,Male,9.205.113.198
840,Katine,Bowser,kbowsernb@a8.net,Female,142.237.241.177
841,Daryl,Van,dvannc@youtu.be,Female,77.40.253.203
842,Chaim,Verden,cverdennd@cmu.edu,Non-binary,203.93.162.137
843,Bernarr,Towell,btowellne@java.com,Male,4.230.199.122
844,Nickolaus,Dellenbach,ndellenbachnf@deliciousdays.com,Male,190.151.163.78
845,Brit,Lafont,blafontng@google.co.uk,Female,140.184.234.251
846,Darin,Lapthorn,dlapthornnh@sciencedirect.com,Male,145.64.59.239
847,Alasteir,Elcox,aelcoxni@discovery.com,Male,130.176.237.79
848,Korrie,Dumbar,kdumbarnj@amazon.de,Non-binary,160.127.171.225
849,Beatrice,Geipel,bgeipelnk@constantcontact.com,Female,183.116.18.42
850,Dynah,McCathy,dmccathynl@dell.com,Female,164.156.133.151
851,Harry,Fairlam,hfairlamnm@constantcontact.com,Male,217.107.35.125
852,Meir,Workman,mworkmannn@cornell.edu,Male,2.190.113.48
853,Emelina,Sandels,esandelsno@springer.com,Female,203.134.137.12
854,Susanetta,Huitson,shuitsonnp@weibo.com,Female,84.70.166.132
855,Deidre,Willock,dwillocknq@4shared.com,Female,77.90.11.69
856,Grantley,Kingsnorth,gkingsnorthnr@sun.com,Male,242.225.93.222
857,Jillene,O'Hartagan,johartaganns@t-online.de,Female,189.101.142.137
858,Danya,Dewitt,ddewittnt@ovh.net,Male,16.180.222.23
859,Crystal,Lawlance,clawlancenu@parallels.com,Bigender,168.75.64.8
860,Curt,Burtwell,cburtwellnv@example.com,Male,48.232.245.219
861,Loise,Baldery,lbalderynw@wix.com,Genderfluid,107.147.225.96
862,Ansell,Schleswig-Holstein,aschleswigholsteinnx@jugem.jp,Male,125.226.167.227
863,Reinald,Pendry,rpendryny@state.gov,Male,179.199.173.127
864,Clary,Middle,cmiddlenz@narod.ru,Female,96.94.18.134
865,Micky,Brasted,mbrastedo0@mtv.com,Male,6.226.43.128
866,Jaime,Purches,jpurcheso1@home.pl,Male,188.255.116.244
867,Garey,Lindop,glindopo2@gizmodo.com,Male,68.86.134.86
868,Simona,McKimm,smckimmo3@webmd.com,Female,127.235.219.167
869,Phylis,Dane,pdaneo4@privacy.gov.au,Female,3.121.6.231
870,Noach,Blowing,nblowingo5@sourceforge.net,Male,168.29.180.123
871,Sonni,Warby,swarbyo6@tripod.com,Female,99.210.201.216
872,Ardra,Wasylkiewicz,awasylkiewiczo7@stumbleupon.com,Female,219.129.33.23
873,Gradey,Moffet,gmoffeto8@spotify.com,Male,191.38.95.7
874,Quentin,Stidston,qstidstono9@yelp.com,Female,27.180.77.91
875,Stevena,Henniger,shennigeroa@jugem.jp,Female,176.33.103.227
876,Estevan,Blatherwick,eblatherwickob@google.es,Male,201.216.57.134
877,Goddart,Jakovijevic,gjakovijevicoc@ucoz.com,Male,249.174.86.37
878,John,Yaxley,jyaxleyod@mayoclinic.com,Male,220.41.73.98
879,Candida,Lines,clinesoe@tiny.cc,Female,215.183.190.88
880,Frederic,Whitemarsh,fwhitemarshof@deviantart.com,Male,158.191.206.23
881,Rosa,Wagenen,rwagenenog@rediff.com,Female,134.239.193.15
882,Gav,Daintith,gdaintithoh@nationalgeographic.com,Male,202.186.222.138
883,Fabio,Piell,fpielloi@blogger.com,Male,100.199.185.30
884,Rosalia,MacKaig,rmackaigoj@tinyurl.com,Non-binary,188.175.180.30
885,Ermentrude,Rabson,erabsonok@wsj.com,Female,179.213.211.12
886,Edithe,Challens,echallensol@csmonitor.com,Female,66.12.133.35
887,Karel,Derks,kderksom@xrea.com,Female,160.157.2.47
888,Lucina,Symmons,lsymmonson@hao123.com,Female,71.249.239.63
889,Felice,Tripean,ftripeanoo@printfriendly.com,Male,66.106.154.128
890,Husain,Bliven,hblivenop@unblog.fr,Male,96.149.97.16
891,Joaquin,Wyss,jwyssoq@sitemeter.com,Male,187.217.35.91
892,Kaitlyn,Addlestone,kaddlestoneor@apple.com,Female,51.237.200.208
893,Marja,Moring,mmoringos@flickr.com,Female,137.146.129.42
894,Andreas,Dutton,aduttonot@blog.com,Male,119.165.194.241
895,Ambrosio,Gibberd,agibberdou@spiegel.de,Male,185.221.56.158
896,Thain,Berthomier,tberthomierov@macromedia.com,Male,183.113.103.68
897,Isidore,Paxton,ipaxtonow@clickbank.net,Male,189.36.145.223
898,Rani,Huerta,rhuertaox@samsung.com,Female,229.95.246.178
899,Glenden,Rosetti,grosettioy@mediafire.com,Agender,57.227.13.62
900,Inna,Walewski,iwalewskioz@ifeng.com,Female,81.4.178.130
901,Olivier,Baddeley,obaddeleyp0@zimbio.com,Male,45.154.49.152
902,Cortney,Ruthven,cruthvenp1@prlog.org,Female,118.29.25.230
903,Ephraim,Regan,ereganp2@digg.com,Male,203.159.212.15
904,Philbert,Coleridge,pcoleridgep3@techcrunch.com,Male,140.120.90.255
905,Alison,Carette,acarettep4@dagondesign.com,Female,145.57.66.99
906,Reeva,Brotheridge,rbrotheridgep5@hatena.ne.jp,Female,178.157.122.80
907,Minne,Townsley,mtownsleyp6@washington.edu,Female,108.59.192.91
908,Sebastiano,Jancy,sjancyp7@joomla.org,Male,206.96.74.208
909,Willyt,Clinton,wclintonp8@comsenz.com,Female,180.58.134.55
910,Damaris,Nazareth,dnazarethp9@e-recht24.de,Female,0.252.213.92
911,Bel,Guthrie,bguthriepa@plala.or.jp,Female,7.86.180.155
912,Cassi,Casari,ccasaripb@nyu.edu,Female,36.163.244.53
913,Pall,Mochar,pmocharpc@harvard.edu,Male,41.185.26.249
914,Ana,Kendal,akendalpd@boston.com,Female,48.232.87.60
915,Webster,Cressey,wcresseype@forbes.com,Male,140.228.150.86
916,Lyndsay,Falla,lfallapf@jigsy.com,Female,104.61.160.18
917,Winn,Meadley,wmeadleypg@phoca.cz,Male,168.67.25.14
918,Fedora,Dedman,fdedmanph@columbia.edu,Female,49.217.198.90
919,Mady,Standish,mstandishpi@china.com.cn,Genderfluid,121.193.227.56
920,Trista,Roakes,troakespj@cbsnews.com,Female,237.151.176.112
921,Rivalee,Schrader,rschraderpk@pagesperso-orange.fr,Genderfluid,50.58.12.115
922,Carri,Sinderson,csindersonpl@nhs.uk,Female,130.101.42.72
923,Adah,Biskup,abiskuppm@over-blog.com,Female,76.133.131.177
924,Zia,Studders,zstudderspn@newyorker.com,Female,173.209.113.186
925,Kellia,Braunton,kbrauntonpo@t.co,Female,194.186.93.172
926,Shari,Shakshaft,sshakshaftpp@deliciousdays.com,Female,199.238.102.117
927,Frederich,Lamberton,flambertonpq@domainmarket.com,Male,189.163.91.227
928,Fairleigh,Readshall,freadshallpr@a8.net,Male,190.188.130.56
929,Avery,M'Chirrie,amchirrieps@ed.gov,Male,8.4.200.113
930,Faina,Anger,fangerpt@google.co.jp,Female,67.45.16.178
931,Randell,Heaseman,rheasemanpu@baidu.com,Male,162.136.199.187
932,Cosmo,Gogarty,cgogartypv@slideshare.net,Male,21.251.74.171
933,Vanya,Wolffers,vwolfferspw@xrea.com,Female,141.151.161.6
934,Roxine,Tedahl,rtedahlpx@yahoo.co.jp,Female,22.93.152.29
935,Herman,Blanch,hblanchpy@goodreads.com,Male,134.2.238.207
936,Lyn,Bools,lboolspz@ow.ly,Female,131.198.34.157
937,Barthel,Espy,bespyq0@example.com,Male,98.208.143.248
938,Agosto,Crinkley,acrinkleyq1@sfgate.com,Genderfluid,214.217.163.102
939,Cristiano,Delacroux,cdelacrouxq2@reddit.com,Male,95.115.32.38
940,Maren,Roseborough,mroseboroughq3@blogtalkradio.com,Female,91.128.150.70
941,Gorden,Panyer,gpanyerq4@wsj.com,Genderfluid,249.104.88.176
942,Hayes,Bartak,hbartakq5@1688.com,Male,132.170.184.180
943,Drusilla,Toxell,dtoxellq6@fda.gov,Genderqueer,51.254.122.22
944,Ganny,Morad,gmoradq7@trellian.com,Male,191.247.194.137
945,Hersh,Hollier,hhollierq8@merriam-webster.com,Male,230.12.194.42
946,Jayme,Guppie,jguppieq9@answers.com,Agender,166.13.131.113
947,Sidonnie,Stenhouse,sstenhouseqa@paypal.com,Female,228.145.246.179
948,Bobine,Utting,buttingqb@sina.com.cn,Female,130.58.119.101
949,Darla,Higgen,dhiggenqc@rediff.com,Female,95.112.181.133
950,Ezechiel,Southward,esouthwardqd@canalblog.com,Male,224.201.23.135
951,Pollyanna,Isitt,pisittqe@google.cn,Female,29.141.58.107
952,Spenser,Bewfield,sbewfieldqf@nymag.com,Male,67.204.37.223
953,Joelly,Sayburn,jsayburnqg@ihg.com,Female,143.76.165.48
954,Marnia,Levecque,mlevecqueqh@goo.ne.jp,Female,37.81.231.151
955,Flint,MacNamee,fmacnameeqi@hugedomains.com,Male,8.231.27.147
956,Kort,Candlish,kcandlishqj@diigo.com,Genderfluid,152.184.193.42
957,Lauraine,Westbury,lwestburyqk@google.cn,Female,79.19.3.221
958,Richmound,Sulman,rsulmanql@blog.com,Male,211.49.123.173
959,Billie,Breslauer,bbreslauerqm@youku.com,Male,37.118.186.230
960,Rickie,Baskerfield,rbaskerfieldqn@marketwatch.com,Female,17.196.74.225
961,Melodie,Dood,mdoodqo@exblog.jp,Agender,242.142.32.127
962,Killy,Egarr,kegarrqp@soundcloud.com,Male,88.75.44.99
963,Stacie,Rubinov,srubinovqq@paypal.com,Female,109.125.148.32
964,Lydia,Fradgley,lfradgleyqr@si.edu,Female,210.169.177.121
965,Emmalynne,Haswall,ehaswallqs@addtoany.com,Female,9.102.109.189
966,Verney,Boake,vboakeqt@discuz.net,Male,110.41.153.211
967,Janka,Kemmet,jkemmetqu@washingtonpost.com,Female,247.36.50.66
968,Wildon,Roseby,wrosebyqv@sun.com,Male,162.172.147.18
969,Debby,Carnew,dcarnewqw@tiny.cc,Female,1.230.64.18
970,Skyler,Nellen,snellenqx@smugmug.com,Male,109.159.173.130
971,Tersina,Crux,tcruxqy@unesco.org,Female,92.109.172.133
972,Fancie,Pietraszek,fpietraszekqz@wikimedia.org,Female,231.250.153.119
973,Shalom,Grafton,sgraftonr0@state.gov,Male,238.163.115.78
974,Kane,Semour,ksemourr1@slideshare.net,Male,121.238.10.162
975,Denney,Breach,dbreachr2@csmonitor.com,Male,81.246.199.133
976,Adina,De Malchar,ademalcharr3@sakura.ne.jp,Female,193.42.16.191
977,Ashley,Suero,asueror4@blogger.com,Female,248.231.59.17
978,Phelia,Abrahamsohn,pabrahamsohnr5@behance.net,Female,50.3.171.187
979,Kore,Marrington,kmarringtonr6@last.fm,Female,46.31.204.91
980,Idaline,Pena,ipenar7@blogger.com,Female,145.53.231.137
981,Jemie,Hodgins,jhodginsr8@mashable.com,Agender,10.168.153.15
982,Nana,Fesby,nfesbyr9@paginegialle.it,Female,14.105.4.88
983,Konstantin,Wretham,kwrethamra@ed.gov,Male,156.110.5.120
984,Hewie,Betjeman,hbetjemanrb@boston.com,Male,88.173.56.86
985,Catharine,Freegard,cfreegardrc@mail.ru,Female,53.195.187.36
986,Wilie,Copyn,wcopynrd@mit.edu,Female,93.63.180.55
987,Antonin,Tregea,atregeare@google.pl,Male,213.15.208.37
988,Cassaundra,Oby,cobyrf@domainmarket.com,Female,130.218.238.146
989,Rochella,Fogt,rfogtrg@dot.gov,Female,153.205.76.171
990,Cilka,Killelea,ckillelearh@dion.ne.jp,Female,222.191.170.90
991,Ruddy,Oxbury,roxburyri@hud.gov,Male,231.133.45.29
992,Kermit,Dome,kdomerj@engadget.com,Polygender,192.195.131.119
993,Craggie,Raddin,craddinrk@biglobe.ne.jp,Male,112.88.117.177
994,Kerianne,Ivakhno,kivakhnorl@mail.ru,Female,179.182.54.171
995,Margarita,McKern,mmckernrm@ed.gov,Female,91.128.74.109
996,Irwinn,Filppetti,ifilppettirn@drupal.org,Male,225.10.73.234
997,Carlyle,Fellows,cfellowsro@storify.com,Male,209.102.248.70
998,Coraline,Giuron,cgiuronrp@xing.com,Female,111.243.248.97
999,Loy,Gainforth,lgainforthrq@theatlantic.com,Male,150.19.194.184
1000,Briggs,Mycroft,bmycroftrr@tinypic.com,Male,226.175.95.252
